{
  "globalInfo": {
    "maxLevel": 4,
    "numberOfLeaves": 8,
    "numberOfNodes": 15,
    "pahCost": 8.582634925842285,
    "sahCost": 12.0028715133667
  },
  "influenceArea": {
    "density": 10.0,
    "plane": {
      "normal": [
        1.0,
        0.0,
        0.0
      ],
      "point": [
        0.0,
        0.0,
        0.0
      ]
    },
    "size": [
      1.0,
      1.0
    ],
    "type": "plane"
  },
  "nodes": [
    {
      "core": {
        "aabb": {
          "max": [
            10.969929695129395,
            4.665065765380859,
            18.815616607666016
          ],
          "min": [
            -0.30268704891204834,
            -4.915273189544678,
            14.240985870361328
          ]
        },
        "id": 1071127712256,
        "leftChild": 2579782411216,
        "rightChild": 2579782486784,
        "triangles": [
          2579782487520,
          2579782487556,
          2579782487592,
          2579782487628,
          2579782487664,
          2579782487700,
          2579782487736,
          2579782487772,
          2579782487808,
          2579782487844,
          2579782487880,
          2579782487916,
          2579782487952,
          2579782487988,
          2579782488024,
          2579782488060,
          2579782488096,
          2579782488132,
          2579782488168,
          2579782488204
        ]
      },
      "metrics": {
        "pa": 43.826515197753906,
        "pah": 20.0,
        "sa": 406.7801513671875,
        "sah": 20.0
      }
    },
    {
      "core": {
        "aabb": {
          "max": [
            10.969929695129395,
            4.665065765380859,
            16.383575439453125
          ],
          "min": [
            -0.30268704891204834,
            -3.88126802444458,
            14.240985870361328
          ]
        },
        "id": 2579782411216,
        "leftChild": 2579782497616,
        "rightChild": 2579782497760,
        "triangles": [
          2579782487520,
          2579782487664,
          2579782487772,
          2579782487916,
          2579782487988,
          2579782488024,
          2579782488132
        ]
      },
      "metrics": {
        "pa": 18.3112850189209,
        "pah": 2.9246907234191895,
        "sa": 277.6068115234375,
        "sah": 4.777144908905029
      }
    },
    {
      "core": {
        "aabb": {
          "max": [
            8.081204414367676,
            3.2396581172943115,
            15.708734512329102
          ],
          "min": [
            -0.30268704891204834,
            -3.88126802444458,
            14.240985870361328
          ]
        },
        "id": 2579782497616,
        "leftChild": 2579782498256,
        "rightChild": 2579782498400,
        "triangles": [
          2579782487664,
          2579782487772,
          2579782487916,
          2579782487988,
          2579782488132
        ]
      },
      "metrics": {
        "pa": 10.451729774475098,
        "pah": 1.192397952079773,
        "sa": 164.91648864746094,
        "sah": 2.0270960330963135
      }
    },
    {
      "core": {
        "aabb": {
          "max": [
            8.081204414367676,
            3.2396581172943115,
            15.18138313293457
          ],
          "min": [
            4.68593692779541,
            -1.4303624629974365,
            14.240985870361328
          ]
        },
        "id": 2579782498256,
        "leftChild": 0,
        "rightChild": 0,
        "triangles": [
          2579782487664,
          2579782487772
        ]
      },
      "metrics": {
        "pa": 4.391674518585205,
        "pah": 0.24049413204193115,
        "sa": 46.88108825683594,
        "sah": 0.27659809589385986
      }
    },
    {
      "core": {
        "aabb": {
          "max": [
            1.947383165359497,
            0.7863393425941467,
            15.708734512329102
          ],
          "min": [
            -0.30268704891204834,
            -3.88126802444458,
            14.746509552001953
          ]
        },
        "id": 2579782498400,
        "leftChild": 0,
        "rightChild": 0,
        "triangles": [
          2579782487916,
          2579782487988,
          2579782488132
        ]
      },
      "metrics": {
        "pa": 4.491288185119629,
        "pah": 0.3689236342906952,
        "sa": 34.31761169433594,
        "sah": 0.30371052026748657
      }
    },
    {
      "core": {
        "aabb": {
          "max": [
            10.969929695129395,
            4.665065765380859,
            16.383575439453125
          ],
          "min": [
            8.859792709350586,
            -2.2168116569519043,
            15.305659294128418
          ]
        },
        "id": 2579782497760,
        "leftChild": 0,
        "rightChild": 0,
        "triangles": [
          2579782487520,
          2579782488024
        ]
      },
      "metrics": {
        "pa": 7.418087005615234,
        "pah": 0.4062246084213257,
        "sa": 48.42868423461914,
        "sah": 0.28572890162467957
      }
    },
    {
      "core": {
        "aabb": {
          "max": [
            10.34271240234375,
            3.9302120208740234,
            18.815616607666016
          ],
          "min": [
            0.3578951954841614,
            -4.915273189544678,
            16.307037353515625
          ]
        },
        "id": 2579782486784,
        "leftChild": 2579782497904,
        "rightChild": 2579782498832,
        "triangles": [
          2579782487556,
          2579782487592,
          2579782487628,
          2579782487700,
          2579782487736,
          2579782487808,
          2579782487844,
          2579782487880,
          2579782487952,
          2579782488060,
          2579782488096,
          2579782488168,
          2579782488204
        ]
      },
      "metrics": {
        "pa": 22.18960189819336,
        "pah": 6.58197021484375,
        "sa": 271.11572265625,
        "sah": 8.664396286010742
      }
    },
    {
      "core": {
        "aabb": {
          "max": [
            9.291032791137695,
            3.12823224067688,
            17.682111740112305
          ],
          "min": [
            0.3578951954841614,
            -4.915273189544678,
            16.307037353515625
          ]
        },
        "id": 2579782497904,
        "leftChild": 2579782498976,
        "rightChild": 2579782499120,
        "triangles": [
          2579782487556,
          2579782487628,
          2579782487736,
          2579782487808,
          2579782487880,
          2579782487952,
          2579782488060,
          2579782488096,
          2579782488204
        ]
      },
      "metrics": {
        "pa": 11.060419082641602,
        "pah": 2.2713139057159424,
        "sa": 190.39578247070313,
        "sah": 4.212501525878906
      }
    },
    {
      "core": {
        "aabb": {
          "max": [
            8.753189086914063,
            1.1754943508222875e-38,
            17.035154342651367
          ],
          "min": [
            0.3578951954841614,
            -4.915273189544678,
            16.307037353515625
          ]
        },
        "id": 2579782498976,
        "leftChild": 0,
        "rightChild": 0,
        "triangles": [
          2579782487880,
          2579782487952,
          2579782488204
        ]
      },
      "metrics": {
        "pa": 3.5788938999176025,
        "pah": 0.2939777076244354,
        "sa": 101.91362762451172,
        "sah": 0.9019345045089722
      }
    },
    {
      "core": {
        "aabb": {
          "max": [
            9.291032791137695,
            3.12823224067688,
            17.682111740112305
          ],
          "min": [
            2.1256015300750732,
            -4.828308582305908,
            16.56440544128418
          ]
        },
        "id": 2579782499120,
        "leftChild": 2579782503072,
        "rightChild": 2579782500480,