{
  "globalInfo": {
    "maxLevel": 4,
    "numberOfLeaves": 8,
    "numberOfNodes": 15,
    "pahCost": 8.582634925842285,
    "sahCost": 12.0028715133667
  },
  "nodes": [
    {
      "core": {
        "aabb": {
          "max": [
            10.969929695129395,
            4.665065765380859,
            18.815616607666016
          ],
          "min": [
            -0.30268704891204834,
            -4.915273189544678,
            14.240985870361328
          ]
        },
        "id": 938194096608,
        "leftChild": 2444971189200,
        "rightChild": 2444971264768,
        "triangles": [
          2444971265504,
          2444971265540,
          2444971265576,
          2444971265612,
          2444971265648,
          2444971265684,
          2444971265720,
          2444971265756,
          2444971265792,
          2444971265828,
          2444971265864,
          2444971265900,
          2444971265936,
          2444971265972,
          2444971266008,
          2444971266044,
          2444971266080,
          2444971266116,
          2444971266152,
          2444971266188
        ]
      },
      "metrics": {
        "pa": 43.826515197753906,
        "pah": 20.0,
        "sa": 406.7801513671875,
        "sah": 20.0
      }
    },
    {
      "core": {
        "aabb": {
          "max": [
            10.969929695129395,
            4.665065765380859,
            16.383575439453125
          ],
          "min": [
            -0.30268704891204834,
            -3.88126802444458,
            14.240985870361328
          ]
        },
        "id": 2444971189200,
        "leftChild": 2444971275600,
        "rightChild": 2444971275744,
        "triangles": [
          2444971265504,
          2444971265648,
          2444971265756,
          2444971265900,
          2444971265972,
          2444971266008,
          2444971266116
        ]
      },
      "metrics": {
        "pa": 18.3112850189209,
        "pah": 2.9246907234191895,
        "sa": 277.6068115234375,
        "sah": 4.777144908905029
      }
    },
    {
      "core": {
        "aabb": {
          "max": [
            8.081204414367676,
            3.2396581172943115,
            15.708734512329102
          ],
          "min": [
            -0.30268704891204834,
            -3.88126802444458,
            14.240985870361328
          ]
        },
        "id": 2444971275600,
        "leftChild": 2444971276240,
        "rightChild": 2444971276384,
        "triangles": [
          2444971265648,
          2444971265756,
          2444971265900,
          2444971265972,
          2444971266116
        ]
      },
      "metrics": {
        "pa": 10.451729774475098,
        "pah": 1.192397952079773,
        "sa": 164.91648864746094,
        "sah": 2.0270960330963135
      }
    },
    {
      "core": {
        "aabb": {
          "max": [
            8.081204414367676,
            3.2396581172943115,
            15.18138313293457
          ],
          "min": [
            4.68593692779541,
            -1.4303624629974365,
            14.240985870361328
          ]
        },
        "id": 2444971276240,
        "leftChild": 0,
        "rightChild": 0,
        "triangles": [
          2444971265648,
          2444971265756
        ]
      },
      "metrics": {
        "pa": 4.391674518585205,
        "pah": 0.24049413204193115,
        "sa": 46.88108825683594,
        "sah": 0.27659809589385986
      }
    },
    {
      "core": {
        "aabb": {
          "max": [
            1.947383165359497,
            0.7863393425941467,
            15.708734512329102
          ],
          "min": [
            -0.30268704891204834,
            -3.88126802444458,
            14.746509552001953
          ]
        },
        "id": 2444971276384,
        "leftChild": 0,
        "rightChild": 0,
        "triangles": [
          2444971265900,
          2444971265972,
          2444971266116
        ]
      },
      "metrics": {
        "pa": 4.491288185119629,
        "pah": 0.3689236342906952,
        "sa": 34.31761169433594,
        "sah": 0.30371052026748657
      }
    },
    {
      "core": {
        "aabb": {
          "max": [
            10.969929695129395,
            4.665065765380859,
            16.383575439453125
          ],
          "min": [
            8.859792709350586,
            -2.2168116569519043,
            15.305659294128418
          ]
        },
        "id": 2444971275744,
        "leftChild": 0,
        "rightChild": 0,
        "triangles": [
          2444971265504,
          2444971266008
        ]
      },
      "metrics": {
        "pa": 7.418087005615234,
        "pah": 0.4062246084213257,
        "sa": 48.42868423461914,
        "sah": 0.28572890162467957
      }
    },
    {
      "core": {
        "aabb": {
          "max": [
            10.34271240234375,
            3.9302120208740234,
            18.815616607666016
          ],
          "min": [
            0.3578951954841614,
            -4.915273189544678,
            16.307037353515625
          ]
        },
        "id": 2444971264768,
        "leftChild": 2444971275888,
        "rightChild": 2444971276816,
        "triangles": [
          2444971265540,
          2444971265576,
          2444971265612,
          2444971265684,
          2444971265720,
          2444971265792,
          2444971265828,
          2444971265864,
          2444971265936,
          2444971266044,
          2444971266080,
          2444971266152,
          2444971266188
        ]
      },
      "metrics": {
        "pa": 22.18960189819336,
        "pah": 6.58197021484375,
        "sa": 271.11572265625,
        "sah": 8.664396286010742
      }
    },
    {
      "core": {
        "aabb": {
          "max": [
            9.291032791137695,
            3.12823224067688,
            17.682111740112305
          ],
          "min": [
            0.3578951954841614,
            -4.915273189544678,
            16.307037353515625
          ]
        },
        "id": 2444971275888,
        "leftChild": 2444971276960,
        "rightChild": 2444971277104,
        "triangles": [
          2444971265540,
          2444971265612,
          2444971265720,
          2444971265792,
          2444971265864,
          2444971265936,
          2444971266044,
          2444971266080,
          2444971266188
        ]
      },
      "metrics": {
        "pa": 11.060419082641602,
        "pah": 2.2713139057159424,
        "sa": 190.39578247070313,
        "sah": 4.212501525878906
      }
    },
    {
      "core": {
        "aabb": {
          "max": [
            8.753189086914063,
            1.1754943508222875e-38,
            17.035154342651367
          ],
          "min": [
            0.3578951954841614,
            -4.915273189544678,
            16.307037353515625
          ]
        },
        "id": 2444971276960,
        "leftChild": 0,
        "rightChild": 0,
        "triangles": [
          2444971265864,
          2444971265936,
          2444971266188
        ]
      },
      "metrics": {
        "pa": 3.5788938999176025,
        "pah": 0.2939777076244354,
        "sa": 101.91362762451172,
        "sah": 0.9019345045089722
      }
    },
    {
      "core": {
        "aabb": {
          "max": [
            9.291032791137695,
            3.12823224067688,
            17.682111740112305
          ],
          "min": [
            2.1256015300750732,
            -4.828308582305908,
            16.56440544128418
          ]
        },
        "id": 2444971277104,
        "leftChild": 2444971279040,
        "rightChild": 2444971281488,
        "triangles": [
          2444971265540,
          2444971265612,
          2444971265720,
          2444971265792,
          2444971266044,
          2444971266080
        ]
      },
      "metrics": {
        "pa": 8.893075942993164,
        "pah": 1.2174925804138184,
        "sa": 147.82794189453125,